category_name,image_url
Breast Surgery,https://drive.google.com/uc?id=1eGllh63v6N5LwC8BDYk6zBU7wLDyhVLF
Abdominoplasty,https://drive.google.com/uc?id=1TDNoNyRmQwCeaH74_RlYMZYA4LBaZ1ZY
Hip & Butt Enhancement,https://drive.google.com/uc?id=13rRnQ6cRxJwz8KFbrecWYcSN66OTH6sN
Rhinoplasty And Nose Shaping,https://drive.google.com/uc?id=1czF_4Cz6_V-U5Z-1AFcSoLF6Jq9rYhVS
Post-Pregnancy Procedures,https://drive.google.com/uc?id=1uSPhTkKxV9SHGgB55Ck7qyfSYIgxu5Ft
Eyelid Enhancement,https://drive.google.com/uc?id=1fxFdSmCe7_Fbjt4fF67a7OLZSLIseZUZ
Body Contouring,https://drive.google.com/uc?id=1LpOOgl1y61p6i4mma4AaxUIRW5haePDx
Face And Neck Lifts,https://drive.google.com/uc?id=1j1iSf4JOMU7oTrnSculxioKPMhsN8LRl
Fillers And Other Injectables,https://drive.google.com/uc?id=1nQCoJ99kT_pUlE8SFZsrNSSKaPNKebxO
Hair Restoration,https://drive.google.com/uc?id=1efiOM4elujOAn79UA25u1A33q55beDvW
Facial Rejuvenation,https://drive.google.com/uc?id=1jzXh8HuC81s_Ny1EnYDYYXN2kmLzmHRI
Rhinoplasty,https://drive.google.com/uc?id=1czF_4Cz6_V-U5Z-1AFcSoLF6Jq9rYhVS
Skin Treatments,https://drive.google.com/uc?id=1rzA-IYJHvsGtbuZMPVcQjb-LL0zqxyh0
Eyelid Surgery,https://drive.google.com/uc?id=12DYrNIVkAggcJxzEeHk2u_I5nL-ScaYk
Lip Augmentation,https://drive.google.com/uc?id=1Teg7P2-RFFFBwYsuv7Gjh52fEEfGlgvn
Chin Augmentation,https://drive.google.com/uc?id=18Cnqck9lSDfdg73m4qKgmUteny-8KjFm
Jawline Contouring,https://drive.google.com/uc?id=1CykNP9C_bkaPV13vYIHQA3sGWBEBueW3
Male Body Enhancement,https://drive.google.com/uc?id=1MgBSLY_SNzjr2O1Jynd_emMXSY05MFIo
Skin Rejuvenation And Resurfacing,https://drive.google.com/uc?id=1C_NgH0QWV6zH7IaqtMSJALYUmvk_tD7P
Vaginal Rejuvenation,https://drive.google.com/uc?id=1C_NgH0QWV6zH7IaqtMSJALYUmvk_tD7P
Sexual Wellness,https://drive.google.com/uc?id=1sZ1pnx3IGWwW-6OgoQBMP4Cl1-E8-Nub
Female Genital Aesthetic Surgery,https://drive.google.com/uc?id=1gdPyUy3VFJWhuKTgU7L7isNa80HcrH1E
Skin Tightening,https://drive.google.com/uc?id=1vugvLTu0avg0O9qsL8Nj1WuCCn-617yL
Urinary Incontinence Treatments,https://drive.google.com/uc?id=1C_NgH0QWV6zH7IaqtMSJALYUmvk_tD7P
Acne Treatments,https://drive.google.com/uc?id=10iW_gBbSe-cQ2gCRaXUt4rjo_ILk-a0J
Scar Treatments,https://drive.google.com/uc?id=1fMhpIjai9Gr0NgF4qZCpdNC6dcc4hSKF
Ear Surgery,https://drive.google.com/uc?id=1AmXdLZib3DCCTvht5UmD31-6a1bwhRY0
Reconstructive Surgeries,https://drive.google.com/uc?id=18y1WZygTOLVnFv2TwY6G4XOZzSGErTxW
Weight Loss Treatments,https://drive.google.com/uc?id=1JnYeWhAh_17fvbrwYZyxMUhiG9hbTd1f
General Dentistry,https://drive.google.com/uc?id=1LpOOgl1y61p6i4mma4AaxUIRW5haePDx
"Cheek, Chin And Jawline Enhancement",https://drive.google.com/uc?id=1CykNP9C_bkaPV13vYIHQA3sGWBEBueW3
Vision Correction,https://drive.google.com/uc?id=1_n2j23qVq53ty-sWlF4Fg4YnNI6xDIdn
Cosmetic Dentistry,https://drive.google.com/uc?id=1SuXdQN65XYqhLQeMpA8iHUwSwrxBoF_r
Skin Care Products,https://drive.google.com/uc?id=1SuXdQN65XYqhLQeMpA8iHUwSwrxBoF_r
Gender Confirmation Surgery,https://drive.google.com/uc?id=1nUsx3nQYd9wzAP_LMhcYTUxloj-15xsx
Oral And Maxillofacial Surgeries,https://drive.google.com/uc?id=18y1WZygTOLVnFv2TwY6G4XOZzSGErTxW
Vein Treatments,https://drive.google.com/uc?id=1mae0Mb0o16P_77aG5xt15x6r5QcAFKjx
Eyebrow And Lash Enhancement,https://drive.google.com/uc?id=1v5h_jxEAPHKAU9keU7XuqT_IAjLHhb8a
Podiatry,https://drive.google.com/uc?id=1isU3mtBBoPAdsW8HFo1bb6Lr3TY1LFUu
Lip Enhancement,https://drive.google.com/uc?id=1HqUaTC1_OaeKDNwBcRNMs8CHbJPm5INA
Hair Removal,https://drive.google.com/uc?id=1yqs8n9vdCs80F3yhtRYv4XKrxngLgCMK
Tattoo Removal,https://drive.google.com/uc?id=1OI9UAGIABqoEMJK_cw7LOQB9jss_XkkA
Medical Dermatology,https://drive.google.com/uc?id=1bYzY-nHxj57L72UFTTaEv5FqwKYTAYdK