category_name,image_url
Breast Surgery,https://drive.google.com/file/d/1eGllh63v6N5LwC8BDYk6zBU7wLDyhVLF/view?usp=drive_link
Abdominoplasty (Stomach),https://drive.google.com/file/d/1TDNoNyRmQwCeaH74_RlYMZYA4LBaZ1ZY/view?usp=drive_link
Hip & Butt Enhancement (Butt),https://drive.google.com/file/d/13rRnQ6cRxJwz8KFbrecWYcSN66OTH6sN/view?usp=drive_link
Rhinoplasty And Nose Shaping (Nose),https://drive.google.com/file/d/1czF_4Cz6_V-U5Z-1AFcSoLF6Jq9rYhVS/view?usp=drive_link
Post-Pregnancy Procedures (Stomach),https://drive.google.com/open?id=1uSPhTkKxV9SHGgB55Ck7qyfSYIgxu5Ft&usp=drive_copy
Eyelid Enhancement (Eyes),https://drive.google.com/open?id=1fxFdSmCe7_Fbjt4fF67a7OLZSLIseZUZ&usp=drive_copy
Body Contouring (Body),https://drive.google.com/file/d/1LpOOgl1y61p6i4mma4AaxUIRW5haePDx/view?usp=drive_link
Face And Neck Lifts (Face),https://drive.google.com/file/d/1j1iSf4JOMU7oTrnSculxioKPMhsN8LRl/view?usp=sharing
Fillers And Other Injectables (Face),https://drive.google.com/file/d/1nQCoJ99kT_pUlE8SFZsrNSSKaPNKebxO/view?usp=sharing
Hair Restoration (Hair),https://drive.google.com/file/d/1efiOM4elujOAn79UA25u1A33q55beDvW/view?usp=sharing
Facial Rejuvenation (Face),https://drive.google.com/file/d/1jzXh8HuC81s_Ny1EnYDYYXN2kmLzmHRI/view?usp=sharing
Rhinoplasty (Nose),https://drive.google.com/file/d/1czF_4Cz6_V-U5Z-1AFcSoLF6Jq9rYhVS/view?usp=drive_link
Skin Treatments (Skin),https://drive.google.com/file/d/1rzA-IYJHvsGtbuZMPVcQjb-LL0zqxyh0/view?usp=sharing
Eyelid Surgery (Eyes),https://drive.google.com/file/d/12DYrNIVkAggcJxzEeHk2u_I5nL-ScaYk/view?usp=sharing
Lip Augmentation (Lips),https://drive.google.com/file/d/1Teg7P2-RFFFBwYsuv7Gjh52fEEfGlgvn/view?usp=sharing
Chin Augmentation (Chin),https://drive.google.com/file/d/18Cnqck9lSDfdg73m4qKgmUteny-8KjFm/view?usp=sharing
Jawline Contouring (Jawline),https://drive.google.com/file/d/1CykNP9C_bkaPV13vYIHQA3sGWBEBueW3/view?usp=sharing
Male Body Enhancement,https://drive.google.com/file/d/1MgBSLY_SNzjr2O1Jynd_emMXSY05MFIo/view?usp=sharing
Skin Rejuvenation And Resurfacing,https://drive.google.com/file/d/1C_NgH0QWV6zH7IaqtMSJALYUmvk_tD7P/view?usp=sharing
Vaginal Rejuvenation,https://drive.google.com/file/d/1C_NgH0QWV6zH7IaqtMSJALYUmvk_tD7P/view?usp=drive_link
Sexual Wellness,https://drive.google.com/file/d/1sZ1pnx3IGWwW-6OgoQBMP4Cl1-E8-Nub/view?usp=sharing
Female Genital Aesthetic Surgery,https://drive.google.com/file/d/1gdPyUy3VFJWhuKTgU7L7isNa80HcrH1E/view?usp=drive_link
Skin Tightening,https://drive.google.com/file/d/1vugvLTu0avg0O9qsL8Nj1WuCCn-617yL/view?usp=drive_link
Urinary Incontinence Treatments,https://drive.google.com/file/d/1C_NgH0QWV6zH7IaqtMSJALYUmvk_tD7P/view?usp=drive_link
Acne Treatments,https://drive.google.com/file/d/10iW_gBbSe-cQ2gCRaXUt4rjo_ILk-a0J/view?usp=sharing
Scar Treatments,https://drive.google.com/file/d/1fMhpIjai9Gr0NgF4qZCpdNC6dcc4hSKF/view?usp=drive_link
Ear Surgery,https://drive.google.com/file/d/1AmXdLZib3DCCTvht5UmD31-6a1bwhRY0/view?usp=sharing
Reconstructive Surgeries,https://drive.google.com/file/d/18y1WZygTOLVnFv2TwY6G4XOZzSGErTxW/view?usp=drive_link
Weight Loss Treatments,https://drive.google.com/file/d/1JnYeWhAh_17fvbrwYZyxMUhiG9hbTd1f/view?usp=drive_link
General Dentistry,https://drive.google.com/file/d/1LpOOgl1y61p6i4mma4AaxUIRW5haePDx/view?usp=sharing
"Cheek, Chin And Jawline Enhancement",https://drive.google.com/file/d/1CykNP9C_bkaPV13vYIHQA3sGWBEBueW3/view?usp=sharing
Vision Correction,https://drive.google.com/file/d/1_n2j23qVq53ty-sWlF4Fg4YnNI6xDIdn/view?usp=sharing
Cosmetic Dentistry,https://drive.google.com/file/d/1SuXdQN65XYqhLQeMpA8iHUwSwrxBoF_r/view?usp=drive_link
Skin Care Products,https://drive.google.com/file/d/1SuXdQN65XYqhLQeMpA8iHUwSwrxBoF_r/view?usp=sharing
Gender Confirmation Surgery,https://drive.google.com/file/d/1nUsx3nQYd9wzAP_LMhcYTUxloj-15xsx/view?usp=sharing
Oral And Maxillofacial Surgeries,https://drive.google.com/file/d/18y1WZygTOLVnFv2TwY6G4XOZzSGErTxW/view?usp=drive_link
Vein Treatments,https://drive.google.com/file/d/1mae0Mb0o16P_77aG5xt15x6r5QcAFKjx/view?usp=drive_link
Eyebrow And Lash Enhancement,https://drive.google.com/file/d/1v5h_jxEAPHKAU9keU7XuqT_IAjLHhb8a/view?usp=sharing
Podiatry,https://drive.google.com/file/d/1isU3mtBBoPAdsW8HFo1bb6Lr3TY1LFUu/view?usp=sharing
Lip Enhancement,https://drive.google.com/file/d/1HqUaTC1_OaeKDNwBcRNMs8CHbJPm5INA/view?usp=drive_link
Hair Removal,https://drive.google.com/file/d/1yqs8n9vdCs80F3yhtRYv4XKrxngLgCMK/view?usp=sharing
Tattoo Removal,https://drive.google.com/file/d/1OI9UAGIABqoEMJK_cw7LOQB9jss_XkkA/view?usp=drive_link
Medical Dermatology,https://drive.google.com/file/d/1bYzY-nHxj57L72UFTTaEv5FqwKYTAYdK/view?usp=sharing